"region","wave","ur01ind","Freq"
"east anglia","1","1",0
"east midlands","1","1",0
"greater manchester","1","1",0
"inner london","1","1",0
"merseyside","1","1",0
"outer london","1","1",0
"rest of north","1","1",0
"rest of north west","1","1",0
"rest of south east","1","1",0
"rest of west midlands","1","1",0
"rest of yorkshire and humberside","1","1",0
"scotland","1","1",253
"south west","1","1",21
"south yorkshire","1","1",0
"tyne and wear","1","1",0
"wales","1","1",0
"west midlands conurb","1","1",0
"west yorkshire","1","1",0
"east anglia","2","1",0
"east midlands","2","1",0
"greater manchester","2","1",0
"inner london","2","1",0
"merseyside","2","1",0
"outer london","2","1",0
"rest of north","2","1",0
"rest of north west","2","1",0
"rest of south east","2","1",0
"rest of west midlands","2","1",0
"rest of yorkshire and humberside","2","1",0
"scotland","2","1",227
"south west","2","1",19
"south yorkshire","2","1",0
"tyne and wear","2","1",0
"wales","2","1",0
"west midlands conurb","2","1",0
"west yorkshire","2","1",0
"east anglia","3","1",0
"east midlands","3","1",0
"greater manchester","3","1",0
"inner london","3","1",0
"merseyside","3","1",0
"outer london","3","1",0
"rest of north","3","1",0
"rest of north west","3","1",0
"rest of south east","3","1",0
"rest of west midlands","3","1",0
"rest of yorkshire and humberside","3","1",0
"scotland","3","1",234
"south west","3","1",17
"south yorkshire","3","1",0
"tyne and wear","3","1",0
"wales","3","1",2
"west midlands conurb","3","1",0
"west yorkshire","3","1",0
"east anglia","4","1",0
"east midlands","4","1",0
"greater manchester","4","1",0
"inner london","4","1",0
"merseyside","4","1",0
"outer london","4","1",0
"rest of north","4","1",0
"rest of north west","4","1",0
"rest of south east","4","1",0
"rest of west midlands","4","1",0
"rest of yorkshire and humberside","4","1",0
"scotland","4","1",221
"south west","4","1",17
"south yorkshire","4","1",0
"tyne and wear","4","1",0
"wales","4","1",3
"west midlands conurb","4","1",0
"west yorkshire","4","1",0
"east anglia","5","1",0
"east midlands","5","1",0
"greater manchester","5","1",0
"inner london","5","1",0
"merseyside","5","1",0
"outer london","5","1",0
"rest of north","5","1",0
"rest of north west","5","1",0
"rest of south east","5","1",0
"rest of west midlands","5","1",0
"rest of yorkshire and humberside","5","1",0
"scotland","5","1",213
"south west","5","1",17
"south yorkshire","5","1",0
"tyne and wear","5","1",0
"wales","5","1",1
"west midlands conurb","5","1",0
"west yorkshire","5","1",0
"east anglia","6","1",0
"east midlands","6","1",0
"greater manchester","6","1",0
"inner london","6","1",0
"merseyside","6","1",0
"outer london","6","1",0
"rest of north","6","1",0
"rest of north west","6","1",0
"rest of south east","6","1",0
"rest of west midlands","6","1",0
"rest of yorkshire and humberside","6","1",0
"scotland","6","1",199
"south west","6","1",18
"south yorkshire","6","1",0
"tyne and wear","6","1",0
"wales","6","1",1
"west midlands conurb","6","1",0
"west yorkshire","6","1",0
"east anglia","7","1",0
"east midlands","7","1",0
"greater manchester","7","1",0
"inner london","7","1",0
"merseyside","7","1",0
"outer london","7","1",0
"rest of north","7","1",0
"rest of north west","7","1",0
"rest of south east","7","1",0
"rest of west midlands","7","1",0
"rest of yorkshire and humberside","7","1",0
"scotland","7","1",228
"south west","7","1",16
"south yorkshire","7","1",0
"tyne and wear","7","1",0
"wales","7","1",6
"west midlands conurb","7","1",0
"west yorkshire","7","1",0
"east anglia","8","1",0
"east midlands","8","1",1
"greater manchester","8","1",0
"inner london","8","1",0
"merseyside","8","1",0
"outer london","8","1",0
"rest of north","8","1",0
"rest of north west","8","1",0
"rest of south east","8","1",0
"rest of west midlands","8","1",0
"rest of yorkshire and humberside","8","1",0
"scotland","8","1",208
"south west","8","1",17
"south yorkshire","8","1",0
"tyne and wear","8","1",0
"wales","8","1",5
"west midlands conurb","8","1",0
"west yorkshire","8","1",0
"east anglia","9","1",1
"east midlands","9","1",2
"greater manchester","9","1",0
"inner london","9","1",0
"merseyside","9","1",0
"outer london","9","1",0
"rest of north","9","1",0
"rest of north west","9","1",0
"rest of south east","9","1",0
"rest of west midlands","9","1",0
"rest of yorkshire and humberside","9","1",0
"scotland","9","1",820
"south west","9","1",19
"south yorkshire","9","1",0
"tyne and wear","9","1",0
"wales","9","1",22
"west midlands conurb","9","1",0
"west yorkshire","9","1",0
"east anglia","10","1",1
"east midlands","10","1",1
"greater manchester","10","1",0
"inner london","10","1",0
"merseyside","10","1",0
"outer london","10","1",0
"rest of north","10","1",0
"rest of north west","10","1",0
"rest of south east","10","1",0
"rest of west midlands","10","1",0
"rest of yorkshire and humberside","10","1",0
"scotland","10","1",799
"south west","10","1",16
"south yorkshire","10","1",0
"tyne and wear","10","1",0
"wales","10","1",21
"west midlands conurb","10","1",0
"west yorkshire","10","1",0
"east anglia","11","1",1
"east midlands","11","1",1
"greater manchester","11","1",0
"inner london","11","1",0
"merseyside","11","1",0
"outer london","11","1",0
"rest of north","11","1",0
"rest of north west","11","1",0
"rest of south east","11","1",0
"rest of west midlands","11","1",0
"rest of yorkshire and humberside","11","1",1
"scotland","11","1",773
"south west","11","1",16
"south yorkshire","11","1",0
"tyne and wear","11","1",0
"wales","11","1",22
"west midlands conurb","11","1",0
"west yorkshire","11","1",0
"east anglia","12","1",0
"east midlands","12","1",1
"greater manchester","12","1",0
"inner london","12","1",0
"merseyside","12","1",0
"outer london","12","1",0
"rest of north","12","1",0
"rest of north west","12","1",0
"rest of south east","12","1",0
"rest of west midlands","12","1",0
"rest of yorkshire and humberside","12","1",0
"scotland","12","1",693
"south west","12","1",13
"south yorkshire","12","1",0
"tyne and wear","12","1",0
"wales","12","1",16
"west midlands conurb","12","1",0
"west yorkshire","12","1",0
"east anglia","13","1",0
"east midlands","13","1",1
"greater manchester","13","1",0
"inner london","13","1",0
"merseyside","13","1",0
"outer london","13","1",0
"rest of north","13","1",1
"rest of north west","13","1",0
"rest of south east","13","1",0
"rest of west midlands","13","1",0
"rest of yorkshire and humberside","13","1",1
"scotland","13","1",671
"south west","13","1",11
"south yorkshire","13","1",0
"tyne and wear","13","1",0
"wales","13","1",12
"west midlands conurb","13","1",0
"west yorkshire","13","1",0
"east anglia","14","1",0
"east midlands","14","1",1
"greater manchester","14","1",0
"inner london","14","1",0
"merseyside","14","1",0
"outer london","14","1",0
"rest of north","14","1",0
"rest of north west","14","1",0
"rest of south east","14","1",0
"rest of west midlands","14","1",0
"rest of yorkshire and humberside","14","1",1
"scotland","14","1",638
"south west","14","1",11
"south yorkshire","14","1",0
"tyne and wear","14","1",0
"wales","14","1",13
"west midlands conurb","14","1",0
"west yorkshire","14","1",0
"east anglia","15","1",0
"east midlands","15","1",1
"greater manchester","15","1",0
"inner london","15","1",0
"merseyside","15","1",0
"outer london","15","1",0
"rest of north","15","1",0
"rest of north west","15","1",0
"rest of south east","15","1",0
"rest of west midlands","15","1",0
"rest of yorkshire and humberside","15","1",1
"scotland","15","1",619
"south west","15","1",10
"south yorkshire","15","1",0
"tyne and wear","15","1",0
"wales","15","1",11
"west midlands conurb","15","1",0
"west yorkshire","15","1",0
"east anglia","16","1",0
"east midlands","16","1",1
"greater manchester","16","1",0
"inner london","16","1",0
"merseyside","16","1",0
"outer london","16","1",0
"rest of north","16","1",0
"rest of north west","16","1",0
"rest of south east","16","1",0
"rest of west midlands","16","1",0
"rest of yorkshire and humberside","16","1",1
"scotland","16","1",618
"south west","16","1",9
"south yorkshire","16","1",0
"tyne and wear","16","1",0
"wales","16","1",14
"west midlands conurb","16","1",0
"west yorkshire","16","1",0
"east anglia","17","1",0
"east midlands","17","1",1
"greater manchester","17","1",0
"inner london","17","1",0
"merseyside","17","1",0
"outer london","17","1",0
"rest of north","17","1",1
"rest of north west","17","1",0
"rest of south east","17","1",0
"rest of west midlands","17","1",0
"rest of yorkshire and humberside","17","1",2
"scotland","17","1",572
"south west","17","1",11
"south yorkshire","17","1",0
"tyne and wear","17","1",0
"wales","17","1",11
"west midlands conurb","17","1",0
"west yorkshire","17","1",0
"east anglia","18","1",0
"east midlands","18","1",1
"greater manchester","18","1",0
"inner london","18","1",0
"merseyside","18","1",0
"outer london","18","1",0
"rest of north","18","1",0
"rest of north west","18","1",0
"rest of south east","18","1",0
"rest of west midlands","18","1",0
"rest of yorkshire and humberside","18","1",1
"scotland","18","1",565
"south west","18","1",11
"south yorkshire","18","1",0
"tyne and wear","18","1",0
"wales","18","1",15
"west midlands conurb","18","1",0
"west yorkshire","18","1",0
"east anglia","1","2",16
"east midlands","1","2",0
"greater manchester","1","2",0
"inner london","1","2",0
"merseyside","1","2",0
"outer london","1","2",0
"rest of north","1","2",0
"rest of north west","1","2",0
"rest of south east","1","2",0
"rest of west midlands","1","2",0
"rest of yorkshire and humberside","1","2",0
"scotland","1","2",167
"south west","1","2",25
"south yorkshire","1","2",0
"tyne and wear","1","2",0
"wales","1","2",8
"west midlands conurb","1","2",0
"west yorkshire","1","2",0
"east anglia","2","2",15
"east midlands","2","2",0
"greater manchester","2","2",0
"inner london","2","2",0
"merseyside","2","2",0
"outer london","2","2",0
"rest of north","2","2",0
"rest of north west","2","2",0
"rest of south east","2","2",0
"rest of west midlands","2","2",0
"rest of yorkshire and humberside","2","2",0
"scotland","2","2",157
"south west","2","2",23
"south yorkshire","2","2",0
"tyne and wear","2","2",0
"wales","2","2",8
"west midlands conurb","2","2",0
"west yorkshire","2","2",0
"east anglia","3","2",15
"east midlands","3","2",0
"greater manchester","3","2",0
"inner london","3","2",0
"merseyside","3","2",0
"outer london","3","2",0
"rest of north","3","2",0
"rest of north west","3","2",0
"rest of south east","3","2",0
"rest of west midlands","3","2",1
"rest of yorkshire and humberside","3","2",1
"scotland","3","2",157
"south west","3","2",20
"south yorkshire","3","2",0
"tyne and wear","3","2",0
"wales","3","2",7
"west midlands conurb","3","2",0
"west yorkshire","3","2",0
"east anglia","4","2",14
"east midlands","4","2",0
"greater manchester","4","2",0
"inner london","4","2",0
"merseyside","4","2",0
"outer london","4","2",0
"rest of north","4","2",0
"rest of north west","4","2",0
"rest of south east","4","2",0
"rest of west midlands","4","2",1
"rest of yorkshire and humberside","4","2",2
"scotland","4","2",165
"south west","4","2",22
"south yorkshire","4","2",0
"tyne and wear","4","2",0
"wales","4","2",7
"west midlands conurb","4","2",0
"west yorkshire","4","2",0
"east anglia","5","2",14
"east midlands","5","2",0
"greater manchester","5","2",0
"inner london","5","2",0
"merseyside","5","2",0
"outer london","5","2",0
"rest of north","5","2",0
"rest of north west","5","2",0
"rest of south east","5","2",0
"rest of west midlands","5","2",0
"rest of yorkshire and humberside","5","2",2
"scotland","5","2",159
"south west","5","2",21
"south yorkshire","5","2",0
"tyne and wear","5","2",0
"wales","5","2",6
"west midlands conurb","5","2",0
"west yorkshire","5","2",0
"east anglia","6","2",12
"east midlands","6","2",0
"greater manchester","6","2",0
"inner london","6","2",0
"merseyside","6","2",0
"outer london","6","2",0
"rest of north","6","2",2
"rest of north west","6","2",0
"rest of south east","6","2",0
"rest of west midlands","6","2",0
"rest of yorkshire and humberside","6","2",3
"scotland","6","2",158
"south west","6","2",22
"south yorkshire","6","2",0
"tyne and wear","6","2",0
"wales","6","2",7
"west midlands conurb","6","2",0
"west yorkshire","6","2",0
"east anglia","7","2",15
"east midlands","7","2",0
"greater manchester","7","2",0
"inner london","7","2",0
"merseyside","7","2",0
"outer london","7","2",0
"rest of north","7","2",4
"rest of north west","7","2",0
"rest of south east","7","2",0
"rest of west midlands","7","2",0
"rest of yorkshire and humberside","7","2",2
"scotland","7","2",208
"south west","7","2",25
"south yorkshire","7","2",0
"tyne and wear","7","2",0
"wales","7","2",9
"west midlands conurb","7","2",0
"west yorkshire","7","2",0
"east anglia","8","2",16
"east midlands","8","2",0
"greater manchester","8","2",0
"inner london","8","2",0
"merseyside","8","2",0
"outer london","8","2",0
"rest of north","8","2",4
"rest of north west","8","2",0
"rest of south east","8","2",0
"rest of west midlands","8","2",0
"rest of yorkshire and humberside","8","2",3
"scotland","8","2",199
"south west","8","2",26
"south yorkshire","8","2",0
"tyne and wear","8","2",0
"wales","8","2",8
"west midlands conurb","8","2",0
"west yorkshire","8","2",0
"east anglia","9","2",14
"east midlands","9","2",0
"greater manchester","9","2",0
"inner london","9","2",0
"merseyside","9","2",0
"outer london","9","2",0
"rest of north","9","2",3
"rest of north west","9","2",0
"rest of south east","9","2",0
"rest of west midlands","9","2",0
"rest of yorkshire and humberside","9","2",3
"scotland","9","2",586
"south west","9","2",23
"south yorkshire","9","2",0
"tyne and wear","9","2",0
"wales","9","2",65
"west midlands conurb","9","2",0
"west yorkshire","9","2",0
"east anglia","10","2",12
"east midlands","10","2",0
"greater manchester","10","2",0
"inner london","10","2",0
"merseyside","10","2",0
"outer london","10","2",0
"rest of north","10","2",2
"rest of north west","10","2",0
"rest of south east","10","2",0
"rest of west midlands","10","2",0
"rest of yorkshire and humberside","10","2",3
"scotland","10","2",611
"south west","10","2",23
"south yorkshire","10","2",0
"tyne and wear","10","2",0
"wales","10","2",68
"west midlands conurb","10","2",0
"west yorkshire","10","2",0
"east anglia","11","2",15
"east midlands","11","2",0
"greater manchester","11","2",0
"inner london","11","2",0
"merseyside","11","2",0
"outer london","11","2",0
"rest of north","11","2",3
"rest of north west","11","2",0
"rest of south east","11","2",0
"rest of west midlands","11","2",0
"rest of yorkshire and humberside","11","2",4
"scotland","11","2",606
"south west","11","2",19
"south yorkshire","11","2",0
"tyne and wear","11","2",0
"wales","11","2",67
"west midlands conurb","11","2",0
"west yorkshire","11","2",0
"east anglia","12","2",11
"east midlands","12","2",0
"greater manchester","12","2",0
"inner london","12","2",0
"merseyside","12","2",0
"outer london","12","2",0
"rest of north","12","2",3
"rest of north west","12","2",0
"rest of south east","12","2",0
"rest of west midlands","12","2",0
"rest of yorkshire and humberside","12","2",4
"scotland","12","2",534
"south west","12","2",17
"south yorkshire","12","2",0
"tyne and wear","12","2",0
"wales","12","2",67
"west midlands conurb","12","2",0
"west yorkshire","12","2",0
"east anglia","13","2",11
"east midlands","13","2",0
"greater manchester","13","2",0
"inner london","13","2",0
"merseyside","13","2",0
"outer london","13","2",0
"rest of north","13","2",3
"rest of north west","13","2",0
"rest of south east","13","2",0
"rest of west midlands","13","2",0
"rest of yorkshire and humberside","13","2",5
"scotland","13","2",509
"south west","13","2",18
"south yorkshire","13","2",0
"tyne and wear","13","2",0
"wales","13","2",65
"west midlands conurb","13","2",0
"west yorkshire","13","2",0
"east anglia","14","2",10
"east midlands","14","2",0
"greater manchester","14","2",0
"inner london","14","2",0
"merseyside","14","2",0
"outer london","14","2",0
"rest of north","14","2",3
"rest of north west","14","2",0
"rest of south east","14","2",0
"rest of west midlands","14","2",0
"rest of yorkshire and humberside","14","2",5
"scotland","14","2",491
"south west","14","2",15
"south yorkshire","14","2",0
"tyne and wear","14","2",0
"wales","14","2",65
"west midlands conurb","14","2",0
"west yorkshire","14","2",0
"east anglia","15","2",10
"east midlands","15","2",0
"greater manchester","15","2",0
"inner london","15","2",0
"merseyside","15","2",0
"outer london","15","2",0
"rest of north","15","2",5
"rest of north west","15","2",0
"rest of south east","15","2",0
"rest of west midlands","15","2",0
"rest of yorkshire and humberside","15","2",7
"scotland","15","2",475
"south west","15","2",12
"south yorkshire","15","2",0
"tyne and wear","15","2",0
"wales","15","2",67
"west midlands conurb","15","2",0
"west yorkshire","15","2",0
"east anglia","16","2",8
"east midlands","16","2",0
"greater manchester","16","2",0
"inner london","16","2",0
"merseyside","16","2",0
"outer london","16","2",0
"rest of north","16","2",4
"rest of north west","16","2",0
"rest of south east","16","2",0
"rest of west midlands","16","2",0
"rest of yorkshire and humberside","16","2",8
"scotland","16","2",463
"south west","16","2",12
"south yorkshire","16","2",0
"tyne and wear","16","2",0
"wales","16","2",60
"west midlands conurb","16","2",0
"west yorkshire","16","2",0
"east anglia","17","2",9
"east midlands","17","2",0
"greater manchester","17","2",0
"inner london","17","2",0
"merseyside","17","2",0
"outer london","17","2",0
"rest of north","17","2",3
"rest of north west","17","2",0
"rest of south east","17","2",0
"rest of west midlands","17","2",0
"rest of yorkshire and humberside","17","2",8
"scotland","17","2",451
"south west","17","2",11
"south yorkshire","17","2",0
"tyne and wear","17","2",0
"wales","17","2",65
"west midlands conurb","17","2",0
"west yorkshire","17","2",0
"east anglia","18","2",9
"east midlands","18","2",0
"greater manchester","18","2",0
"inner london","18","2",0
"merseyside","18","2",0
"outer london","18","2",0
"rest of north","18","2",3
"rest of north west","18","2",0
"rest of south east","18","2",0
"rest of west midlands","18","2",0
"rest of yorkshire and humberside","18","2",9
"scotland","18","2",436
"south west","18","2",10
"south yorkshire","18","2",0
"tyne and wear","18","2",0
"wales","18","2",60
"west midlands conurb","18","2",0
"west yorkshire","18","2",0
"east anglia","1","3",2
"east midlands","1","3",1
"greater manchester","1","3",0
"inner london","1","3",0
"merseyside","1","3",0
"outer london","1","3",0
"rest of north","1","3",0
"rest of north west","1","3",0
"rest of south east","1","3",0
"rest of west midlands","1","3",0
"rest of yorkshire and humberside","1","3",0
"scotland","1","3",0
"south west","1","3",3
"south yorkshire","1","3",0
"tyne and wear","1","3",0
"wales","1","3",13
"west midlands conurb","1","3",0
"west yorkshire","1","3",0
"east anglia","2","3",3
"east midlands","2","3",0
"greater manchester","2","3",0
"inner london","2","3",0
"merseyside","2","3",0
"outer london","2","3",0
"rest of north","2","3",0
"rest of north west","2","3",0
"rest of south east","2","3",0
"rest of west midlands","2","3",0
"rest of yorkshire and humberside","2","3",0
"scotland","2","3",3
"south west","2","3",5
"south yorkshire","2","3",0
"tyne and wear","2","3",0
"wales","2","3",14
"west midlands conurb","2","3",0
"west yorkshire","2","3",0
"east anglia","3","3",5
"east midlands","3","3",0
"greater manchester","3","3",0
"inner london","3","3",0
"merseyside","3","3",0
"outer london","3","3",0
"rest of north","3","3",0
"rest of north west","3","3",0
"rest of south east","3","3",0
"rest of west midlands","3","3",0
"rest of yorkshire and humberside","3","3",0
"scotland","3","3",5
"south west","3","3",6
"south yorkshire","3","3",0
"tyne and wear","3","3",0
"wales","3","3",13
"west midlands conurb","3","3",0
"west yorkshire","3","3",0
"east anglia","4","3",5
"east midlands","4","3",0
"greater manchester","4","3",0
"inner london","4","3",0
"merseyside","4","3",0
"outer london","4","3",0
"rest of north","4","3",0
"rest of north west","4","3",0
"rest of south east","4","3",0
"rest of west midlands","4","3",0
"rest of yorkshire and humberside","4","3",0
"scotland","4","3",6
"south west","4","3",6
"south yorkshire","4","3",0
"tyne and wear","4","3",0
"wales","4","3",11
"west midlands conurb","4","3",0
"west yorkshire","4","3",0
"east anglia","5","3",4
"east midlands","5","3",1
"greater manchester","5","3",0
"inner london","5","3",0
"merseyside","5","3",0
"outer london","5","3",0
"rest of north","5","3",0
"rest of north west","5","3",0
"rest of south east","5","3",0
"rest of west midlands","5","3",0
"rest of yorkshire and humberside","5","3",1
"scotland","5","3",6
"south west","5","3",8
"south yorkshire","5","3",0
"tyne and wear","5","3",0
"wales","5","3",10
"west midlands conurb","5","3",0
"west yorkshire","5","3",0
"east anglia","6","3",5
"east midlands","6","3",1
"greater manchester","6","3",0
"inner london","6","3",0
"merseyside","6","3",0
"outer london","6","3",0
"rest of north","6","3",0
"rest of north west","6","3",0
"rest of south east","6","3",0
"rest of west midlands","6","3",0
"rest of yorkshire and humberside","6","3",1
"scotland","6","3",9
"south west","6","3",7
"south yorkshire","6","3",0
"tyne and wear","6","3",0
"wales","6","3",10
"west midlands conurb","6","3",0
"west yorkshire","6","3",0
"east anglia","7","3",3
"east midlands","7","3",0
"greater manchester","7","3",0
"inner london","7","3",0
"merseyside","7","3",0
"outer london","7","3",0
"rest of north","7","3",3
"rest of north west","7","3",0
"rest of south east","7","3",0
"rest of west midlands","7","3",1
"rest of yorkshire and humberside","7","3",4
"scotland","7","3",31
"south west","7","3",11
"south yorkshire","7","3",0
"tyne and wear","7","3",0
"wales","7","3",10
"west midlands conurb","7","3",0
"west yorkshire","7","3",0
"east anglia","8","3",5
"east midlands","8","3",0
"greater manchester","8","3",0
"inner london","8","3",0
"merseyside","8","3",0
"outer london","8","3",0
"rest of north","8","3",3
"rest of north west","8","3",0
"rest of south east","8","3",0
"rest of west midlands","8","3",1
"rest of yorkshire and humberside","8","3",4
"scotland","8","3",33
"south west","8","3",11
"south yorkshire","8","3",0
"tyne and wear","8","3",0
"wales","8","3",11
"west midlands conurb","8","3",0
"west yorkshire","8","3",0
"east anglia","9","3",4
"east midlands","9","3",0
"greater manchester","9","3",0
"inner london","9","3",0
"merseyside","9","3",0
"outer london","9","3",0
"rest of north","9","3",2
"rest of north west","9","3",0
"rest of south east","9","3",0
"rest of west midlands","9","3",1
"rest of yorkshire and humberside","9","3",3
"scotland","9","3",169
"south west","9","3",11
"south yorkshire","9","3",0
"tyne and wear","9","3",0
"wales","9","3",114
"west midlands conurb","9","3",0
"west yorkshire","9","3",0
"east anglia","10","3",5
"east midlands","10","3",0
"greater manchester","10","3",0
"inner london","10","3",0
"merseyside","10","3",0
"outer london","10","3",0
"rest of north","10","3",2
"rest of north west","10","3",0
"rest of south east","10","3",0
"rest of west midlands","10","3",1
"rest of yorkshire and humberside","10","3",3
"scotland","10","3",193
"south west","10","3",11
"south yorkshire","10","3",0
"tyne and wear","10","3",0
"wales","10","3",110
"west midlands conurb","10","3",0
"west yorkshire","10","3",0
"east anglia","11","3",5
"east midlands","11","3",1
"greater manchester","11","3",0
"inner london","11","3",0
"merseyside","11","3",0
"outer london","11","3",0
"rest of north","11","3",3
"rest of north west","11","3",0
"rest of south east","11","3",0
"rest of west midlands","11","3",1
"rest of yorkshire and humberside","11","3",3
"scotland","11","3",191
"south west","11","3",11
"south yorkshire","11","3",0
"tyne and wear","11","3",0
"wales","11","3",107
"west midlands conurb","11","3",0
"west yorkshire","11","3",0
"east anglia","12","3",5
"east midlands","12","3",1
"greater manchester","12","3",0
"inner london","12","3",0
"merseyside","12","3",0
"outer london","12","3",0
"rest of north","12","3",1
"rest of north west","12","3",0
"rest of south east","12","3",0
"rest of west midlands","12","3",1
"rest of yorkshire and humberside","12","3",4
"scotland","12","3",163
"south west","12","3",10
"south yorkshire","12","3",0
"tyne and wear","12","3",0
"wales","12","3",108
"west midlands conurb","12","3",0
"west yorkshire","12","3",0
"east anglia","13","3",5
"east midlands","13","3",1
"greater manchester","13","3",0
"inner london","13","3",0
"merseyside","13","3",0
"outer london","13","3",0
"rest of north","13","3",1
"rest of north west","13","3",0
"rest of south east","13","3",0
"rest of west midlands","13","3",0
"rest of yorkshire and humberside","13","3",2
"scotland","13","3",161
"south west","13","3",8
"south yorkshire","13","3",0
"tyne and wear","13","3",0
"wales","13","3",104
"west midlands conurb","13","3",0
"west yorkshire","13","3",0
"east anglia","14","3",6
"east midlands","14","3",1
"greater manchester","14","3",0
"inner london","14","3",0
"merseyside","14","3",0
"outer london","14","3",0
"rest of north","14","3",1
"rest of north west","14","3",0
"rest of south east","14","3",0
"rest of west midlands","14","3",0
"rest of yorkshire and humberside","14","3",2
"scotland","14","3",159
"south west","14","3",7
"south yorkshire","14","3",0
"tyne and wear","14","3",0
"wales","14","3",100
"west midlands conurb","14","3",0
"west yorkshire","14","3",0
"east anglia","15","3",6
"east midlands","15","3",1
"greater manchester","15","3",0
"inner london","15","3",0
"merseyside","15","3",0
"outer london","15","3",0
"rest of north","15","3",1
"rest of north west","15","3",0
"rest of south east","15","3",0
"rest of west midlands","15","3",0
"rest of yorkshire and humberside","15","3",1
"scotland","15","3",144
"south west","15","3",6
"south yorkshire","15","3",0
"tyne and wear","15","3",0
"wales","15","3",96
"west midlands conurb","15","3",0
"west yorkshire","15","3",0
"east anglia","16","3",5
"east midlands","16","3",1
"greater manchester","16","3",0
"inner london","16","3",0
"merseyside","16","3",0
"outer london","16","3",0
"rest of north","16","3",1
"rest of north west","16","3",0
"rest of south east","16","3",0
"rest of west midlands","16","3",0
"rest of yorkshire and humberside","16","3",2
"scotland","16","3",141
"south west","16","3",8
"south yorkshire","16","3",0
"tyne and wear","16","3",0
"wales","16","3",103
"west midlands conurb","16","3",0
"west yorkshire","16","3",0
"east anglia","17","3",5
"east midlands","17","3",1
"greater manchester","17","3",0
"inner london","17","3",0
"merseyside","17","3",0
"outer london","17","3",0
"rest of north","17","3",1
"rest of north west","17","3",0
"rest of south east","17","3",0
"rest of west midlands","17","3",0
"rest of yorkshire and humberside","17","3",1
"scotland","17","3",135
"south west","17","3",6
"south yorkshire","17","3",0
"tyne and wear","17","3",0
"wales","17","3",96
"west midlands conurb","17","3",0
"west yorkshire","17","3",0
"east anglia","18","3",5
"east midlands","18","3",1
"greater manchester","18","3",0
"inner london","18","3",0
"merseyside","18","3",0
"outer london","18","3",0
"rest of north","18","3",1
"rest of north west","18","3",0
"rest of south east","18","3",0
"rest of west midlands","18","3",1
"rest of yorkshire and humberside","18","3",2
"scotland","18","3",139
"south west","18","3",6
"south yorkshire","18","3",0
"tyne and wear","18","3",0
"wales","18","3",96
"west midlands conurb","18","3",0
"west yorkshire","18","3",0
"east anglia","1","4",0
"east midlands","1","4",0
"greater manchester","1","4",0
"inner london","1","4",0
"merseyside","1","4",0
"outer london","1","4",0
"rest of north","1","4",0
"rest of north west","1","4",0
"rest of south east","1","4",0
"rest of west midlands","1","4",0
"rest of yorkshire and humberside","1","4",0
"scotland","1","4",24
"south west","1","4",1
"south yorkshire","1","4",0
"tyne and wear","1","4",0
"wales","1","4",5
"west midlands conurb","1","4",0
"west yorkshire","1","4",0
"east anglia","2","4",0
"east midlands","2","4",0
"greater manchester","2","4",0
"inner london","2","4",0
"merseyside","2","4",0
"outer london","2","4",0
"rest of north","2","4",0
"rest of north west","2","4",0
"rest of south east","2","4",0
"rest of west midlands","2","4",1
"rest of yorkshire and humberside","2","4",0
"scotland","2","4",22
"south west","2","4",1
"south yorkshire","2","4",0
"tyne and wear","2","4",0
"wales","2","4",6
"west midlands conurb","2","4",0
"west yorkshire","2","4",0
"east anglia","3","4",0
"east midlands","3","4",1
"greater manchester","3","4",0
"inner london","3","4",0
"merseyside","3","4",0
"outer london","3","4",0
"rest of north","3","4",0
"rest of north west","3","4",0
"rest of south east","3","4",0
"rest of west midlands","3","4",0
"rest of yorkshire and humberside","3","4",0
"scotland","3","4",20
"south west","3","4",1
"south yorkshire","3","4",0
"tyne and wear","3","4",0
"wales","3","4",7
"west midlands conurb","3","4",0
"west yorkshire","3","4",0
"east anglia","4","4",0
"east midlands","4","4",0
"greater manchester","4","4",0
"inner london","4","4",0
"merseyside","4","4",0
"outer london","4","4",0
"rest of north","4","4",0
"rest of north west","4","4",0
"rest of south east","4","4",0
"rest of west midlands","4","4",0
"rest of yorkshire and humberside","4","4",0
"scotland","4","4",20
"south west","4","4",0
"south yorkshire","4","4",0
"tyne and wear","4","4",0
"wales","4","4",7
"west midlands conurb","4","4",0
"west yorkshire","4","4",0
"east anglia","5","4",0
"east midlands","5","4",0
"greater manchester","5","4",0
"inner london","5","4",0
"merseyside","5","4",0
"outer london","5","4",0
"rest of north","5","4",0
"rest of north west","5","4",0
"rest of south east","5","4",0
"rest of west midlands","5","4",1
"rest of yorkshire and humberside","5","4",1
"scotland","5","4",18
"south west","5","4",0
"south yorkshire","5","4",0
"tyne and wear","5","4",0
"wales","5","4",6
"west midlands conurb","5","4",0
"west yorkshire","5","4",0
"east anglia","6","4",0
"east midlands","6","4",0
"greater manchester","6","4",0
"inner london","6","4",0
"merseyside","6","4",0
"outer london","6","4",0
"rest of north","6","4",1
"rest of north west","6","4",0
"rest of south east","6","4",0
"rest of west midlands","6","4",0
"rest of yorkshire and humberside","6","4",1
"scotland","6","4",12
"south west","6","4",1
"south yorkshire","6","4",0
"tyne and wear","6","4",0
"wales","6","4",5
"west midlands conurb","6","4",0
"west yorkshire","6","4",0
"east anglia","7","4",0
"east midlands","7","4",0
"greater manchester","7","4",0
"inner london","7","4",0
"merseyside","7","4",0
"outer london","7","4",0
"rest of north","7","4",2
"rest of north west","7","4",0
"rest of south east","7","4",0
"rest of west midlands","7","4",1
"rest of yorkshire and humberside","7","4",1
"scotland","7","4",11
"south west","7","4",6
"south yorkshire","7","4",0
"tyne and wear","7","4",0
"wales","7","4",5
"west midlands conurb","7","4",0
"west yorkshire","7","4",0
"east anglia","8","4",0
"east midlands","8","4",0
"greater manchester","8","4",0
"inner london","8","4",0
"merseyside","8","4",0
"outer london","8","4",0
"rest of north","8","4",2
"rest of north west","8","4",0
"rest of south east","8","4",0
"rest of west midlands","8","4",1
"rest of yorkshire and humberside","8","4",0
"scotland","8","4",14
"south west","8","4",7
"south yorkshire","8","4",0
"tyne and wear","8","4",0
"wales","8","4",5
"west midlands conurb","8","4",0
"west yorkshire","8","4",0
"east anglia","9","4",0
"east midlands","9","4",1
"greater manchester","9","4",0
"inner london","9","4",0
"merseyside","9","4",0
"outer london","9","4",0
"rest of north","9","4",3
"rest of north west","9","4",0
"rest of south east","9","4",0
"rest of west midlands","9","4",1
"rest of yorkshire and humberside","9","4",0
"scotland","9","4",36
"south west","9","4",7
"south yorkshire","9","4",0
"tyne and wear","9","4",0
"wales","9","4",88
"west midlands conurb","9","4",0
"west yorkshire","9","4",0
"east anglia","10","4",0
"east midlands","10","4",1
"greater manchester","10","4",0
"inner london","10","4",0
"merseyside","10","4",0
"outer london","10","4",0
"rest of north","10","4",3
"rest of north west","10","4",0
"rest of south east","10","4",0
"rest of west midlands","10","4",2
"rest of yorkshire and humberside","10","4",0
"scotland","10","4",38
"south west","10","4",6
"south yorkshire","10","4",0
"tyne and wear","10","4",0
"wales","10","4",91
"west midlands conurb","10","4",0
"west yorkshire","10","4",0
"east anglia","11","4",0
"east midlands","11","4",0
"greater manchester","11","4",0
"inner london","11","4",0
"merseyside","11","4",0
"outer london","11","4",0
"rest of north","11","4",2
"rest of north west","11","4",0
"rest of south east","11","4",0
"rest of west midlands","11","4",2
"rest of yorkshire and humberside","11","4",0
"scotland","11","4",36
"south west","11","4",6
"south yorkshire","11","4",0
"tyne and wear","11","4",0
"wales","11","4",87
"west midlands conurb","11","4",0
"west yorkshire","11","4",0
"east anglia","12","4",0
"east midlands","12","4",2
"greater manchester","12","4",0
"inner london","12","4",0
"merseyside","12","4",0
"outer london","12","4",0
"rest of north","12","4",1
"rest of north west","12","4",0
"rest of south east","12","4",0
"rest of west midlands","12","4",1
"rest of yorkshire and humberside","12","4",0
"scotland","12","4",34
"south west","12","4",3
"south yorkshire","12","4",0
"tyne and wear","12","4",0
"wales","12","4",85
"west midlands conurb","12","4",0
"west yorkshire","12","4",0
"east anglia","13","4",0
"east midlands","13","4",1
"greater manchester","13","4",0
"inner london","13","4",0
"merseyside","13","4",0
"outer london","13","4",0
"rest of north","13","4",1
"rest of north west","13","4",0
"rest of south east","13","4",0
"rest of west midlands","13","4",1
"rest of yorkshire and humberside","13","4",0
"scotland","13","4",36
"south west","13","4",4
"south yorkshire","13","4",0
"tyne and wear","13","4",0
"wales","13","4",81
"west midlands conurb","13","4",0
"west yorkshire","13","4",0
"east anglia","14","4",0
"east midlands","14","4",1
"greater manchester","14","4",0
"inner london","14","4",0
"merseyside","14","4",0
"outer london","14","4",0
"rest of north","14","4",2
"rest of north west","14","4",0
"rest of south east","14","4",0
"rest of west midlands","14","4",1
"rest of yorkshire and humberside","14","4",0
"scotland","14","4",39
"south west","14","4",6
"south yorkshire","14","4",0
"tyne and wear","14","4",0
"wales","14","4",83
"west midlands conurb","14","4",0
"west yorkshire","14","4",0
"east anglia","15","4",0
"east midlands","15","4",1
"greater manchester","15","4",0
"inner london","15","4",0
"merseyside","15","4",0
"outer london","15","4",0
"rest of north","15","4",4
"rest of north west","15","4",0
"rest of south east","15","4",0
"rest of west midlands","15","4",1
"rest of yorkshire and humberside","15","4",0
"scotland","15","4",45
"south west","15","4",7
"south yorkshire","15","4",0
"tyne and wear","15","4",0
"wales","15","4",82
"west midlands conurb","15","4",0
"west yorkshire","15","4",0
"east anglia","16","4",0
"east midlands","16","4",1
"greater manchester","16","4",0
"inner london","16","4",0
"merseyside","16","4",0
"outer london","16","4",0
"rest of north","16","4",3
"rest of north west","16","4",0
"rest of south east","16","4",0
"rest of west midlands","16","4",0
"rest of yorkshire and humberside","16","4",0
"scotland","16","4",38
"south west","16","4",7
"south yorkshire","16","4",0
"tyne and wear","16","4",0
"wales","16","4",82
"west midlands conurb","16","4",0
"west yorkshire","16","4",0
"east anglia","17","4",0
"east midlands","17","4",1
"greater manchester","17","4",0
"inner london","17","4",0
"merseyside","17","4",0
"outer london","17","4",0
"rest of north","17","4",3
"rest of north west","17","4",0
"rest of south east","17","4",0
"rest of west midlands","17","4",3
"rest of yorkshire and humberside","17","4",0
"scotland","17","4",39
"south west","17","4",7
"south yorkshire","17","4",0
"tyne and wear","17","4",0
"wales","17","4",83
"west midlands conurb","17","4",0
"west yorkshire","17","4",0
"east anglia","18","4",0
"east midlands","18","4",1
"greater manchester","18","4",0
"inner london","18","4",0
"merseyside","18","4",0
"outer london","18","4",0
"rest of north","18","4",3
"rest of north west","18","4",0
"rest of south east","18","4",0
"rest of west midlands","18","4",2
"rest of yorkshire and humberside","18","4",1
"scotland","18","4",42
"south west","18","4",5
"south yorkshire","18","4",0
"tyne and wear","18","4",0
"wales","18","4",82
"west midlands conurb","18","4",0
"west yorkshire","18","4",0
"east anglia","1","5",109
"east midlands","1","5",245
"greater manchester","1","5",242
"inner london","1","5",247
"merseyside","1","5",122
"outer london","1","5",348
"rest of north","1","5",118
"rest of north west","1","5",196
"rest of south east","1","5",730
"rest of west midlands","1","5",204
"rest of yorkshire and humberside","1","5",126
"scotland","1","5",0
"south west","1","5",289
"south yorkshire","1","5",147
"tyne and wear","1","5",144
"wales","1","5",224
"west midlands conurb","1","5",239
"west yorkshire","1","5",186
"east anglia","2","5",105
"east midlands","2","5",262
"greater manchester","2","5",220
"inner london","2","5",221
"merseyside","2","5",112
"outer london","2","5",325
"rest of north","2","5",120
"rest of north west","2","5",191
"rest of south east","2","5",685
"rest of west midlands","2","5",185
"rest of yorkshire and humberside","2","5",114
"scotland","2","5",1
"south west","2","5",281
"south yorkshire","2","5",136
"tyne and wear","2","5",130
"wales","2","5",198
"west midlands conurb","2","5",199
"west yorkshire","2","5",172
"east anglia","3","5",109
"east midlands","3","5",269
"greater manchester","3","5",212
"inner london","3","5",217
"merseyside","3","5",110
"outer london","3","5",335
"rest of north","3","5",118
"rest of north west","3","5",196
"rest of south east","3","5",691
"rest of west midlands","3","5",196
"rest of yorkshire and humberside","3","5",119
"scotland","3","5",1
"south west","3","5",292
"south yorkshire","3","5",132
"tyne and wear","3","5",129
"wales","3","5",209
"west midlands conurb","3","5",200
"west yorkshire","3","5",163
"east anglia","4","5",115
"east midlands","4","5",273
"greater manchester","4","5",210
"inner london","4","5",203
"merseyside","4","5",103
"outer london","4","5",321
"rest of north","4","5",117
"rest of north west","4","5",185
"rest of south east","4","5",693
"rest of west midlands","4","5",186
"rest of yorkshire and humberside","4","5",112
"scotland","4","5",1
"south west","4","5",286
"south yorkshire","4","5",135
"tyne and wear","4","5",127
"wales","4","5",212
"west midlands conurb","4","5",188
"west yorkshire","4","5",165
"east anglia","5","5",117
"east midlands","5","5",274
"greater manchester","5","5",204
"inner london","5","5",195
"merseyside","5","5",104
"outer london","5","5",300
"rest of north","5","5",118
"rest of north west","5","5",179
"rest of south east","5","5",675
"rest of west midlands","5","5",187
"rest of yorkshire and humberside","5","5",103
"scotland","5","5",0
"south west","5","5",280
"south yorkshire","5","5",138
"tyne and wear","5","5",123
"wales","5","5",214
"west midlands conurb","5","5",176
"west yorkshire","5","5",151
"east anglia","6","5",119
"east midlands","6","5",281
"greater manchester","6","5",202
"inner london","6","5",193
"merseyside","6","5",108
"outer london","6","5",312
"rest of north","6","5",117
"rest of north west","6","5",183
"rest of south east","6","5",688
"rest of west midlands","6","5",191
"rest of yorkshire and humberside","6","5",107
"scotland","6","5",0
"south west","6","5",282
"south yorkshire","6","5",138
"tyne and wear","6","5",126
"wales","6","5",214
"west midlands conurb","6","5",179
"west yorkshire","6","5",151
"east anglia","7","5",129
"east midlands","7","5",339
"greater manchester","7","5",247
"inner london","7","5",206
"merseyside","7","5",112
"outer london","7","5",340
"rest of north","7","5",147
"rest of north west","7","5",217
"rest of south east","7","5",772
"rest of west midlands","7","5",228
"rest of yorkshire and humberside","7","5",138
"scotland","7","5",0
"south west","7","5",311
"south yorkshire","7","5",147
"tyne and wear","7","5",149
"wales","7","5",263
"west midlands conurb","7","5",235
"west yorkshire","7","5",182
"east anglia","8","5",133
"east midlands","8","5",339
"greater manchester","8","5",245
"inner london","8","5",196
"merseyside","8","5",115
"outer london","8","5",348
"rest of north","8","5",137
"rest of north west","8","5",218
"rest of south east","8","5",751
"rest of west midlands","8","5",229
"rest of yorkshire and humberside","8","5",133
"scotland","8","5",0
"south west","8","5",310
"south yorkshire","8","5",138
"tyne and wear","8","5",143
"wales","8","5",256
"west midlands conurb","8","5",220
"west yorkshire","8","5",187
"east anglia","9","5",129
"east midlands","9","5",343
"greater manchester","9","5",242
"inner london","9","5",192
"merseyside","9","5",108
"outer london","9","5",341
"rest of north","9","5",138
"rest of north west","9","5",216
"rest of south east","9","5",735
"rest of west midlands","9","5",231
"rest of yorkshire and humberside","9","5",134
"scotland","9","5",11
"south west","9","5",320
"south yorkshire","9","5",141
"tyne and wear","9","5",137
"wales","9","5",1093
"west midlands conurb","9","5",211
"west yorkshire","9","5",177
"east anglia","10","5",132
"east midlands","10","5",341
"greater manchester","10","5",239
"inner london","10","5",183
"merseyside","10","5",112
"outer london","10","5",330
"rest of north","10","5",140
"rest of north west","10","5",215
"rest of south east","10","5",755
"rest of west midlands","10","5",222
"rest of yorkshire and humberside","10","5",128
"scotland","10","5",14
"south west","10","5",317
"south yorkshire","10","5",133
"tyne and wear","10","5",138
"wales","10","5",1052
"west midlands conurb","10","5",209
"west yorkshire","10","5",181
"east anglia","11","5",128
"east midlands","11","5",333
"greater manchester","11","5",243
"inner london","11","5",176
"merseyside","11","5",110
"outer london","11","5",330
"rest of north","11","5",130
"rest of north west","11","5",214
"rest of south east","11","5",761
"rest of west midlands","11","5",224
"rest of yorkshire and humberside","11","5",136
"scotland","11","5",15
"south west","11","5",320
"south yorkshire","11","5",138
"tyne and wear","11","5",133
"wales","11","5",1023
"west midlands conurb","11","5",211
"west yorkshire","11","5",181
"east anglia","12","5",114
"east midlands","12","5",283
"greater manchester","12","5",193
"inner london","12","5",151
"merseyside","12","5",105
"outer london","12","5",292
"rest of north","12","5",116
"rest of north west","12","5",185
"rest of south east","12","5",655
"rest of west midlands","12","5",186
"rest of yorkshire and humberside","12","5",110
"scotland","12","5",16
"south west","12","5",280
"south yorkshire","12","5",126
"tyne and wear","12","5",106
"wales","12","5",952
"west midlands conurb","12","5",166
"west yorkshire","12","5",146
"east anglia","13","5",109
"east midlands","13","5",268
"greater manchester","13","5",190
"inner london","13","5",140
"merseyside","13","5",109
"outer london","13","5",290
"rest of north","13","5",115
"rest of north west","13","5",178
"rest of south east","13","5",643
"rest of west midlands","13","5",186
"rest of yorkshire and humberside","13","5",108
"scotland","13","5",14
"south west","13","5",266
"south yorkshire","13","5",137
"tyne and wear","13","5",102
"wales","13","5",934
"west midlands conurb","13","5",159
"west yorkshire","13","5",140
"east anglia","14","5",117
"east midlands","14","5",268
"greater manchester","14","5",195
"inner london","14","5",148
"merseyside","14","5",106
"outer london","14","5",274
"rest of north","14","5",114
"rest of north west","14","5",175
"rest of south east","14","5",641
"rest of west midlands","14","5",182
"rest of yorkshire and humberside","14","5",104
"scotland","14","5",14
"south west","14","5",267
"south yorkshire","14","5",129
"tyne and wear","14","5",99
"wales","14","5",911
"west midlands conurb","14","5",161
"west yorkshire","14","5",137
"east anglia","15","5",126
"east midlands","15","5",273
"greater manchester","15","5",192
"inner london","15","5",135
"merseyside","15","5",107
"outer london","15","5",262
"rest of north","15","5",116
"rest of north west","15","5",175
"rest of south east","15","5",643
"rest of west midlands","15","5",192
"rest of yorkshire and humberside","15","5",104
"scotland","15","5",15
"south west","15","5",291
"south yorkshire","15","5",138
"tyne and wear","15","5",98
"wales","15","5",911
"west midlands conurb","15","5",161
"west yorkshire","15","5",138
"east anglia","16","5",132
"east midlands","16","5",262
"greater manchester","16","5",185
"inner london","16","5",131
"merseyside","16","5",105
"outer london","16","5",258
"rest of north","16","5",114
"rest of north west","16","5",173
"rest of south east","16","5",645
"rest of west midlands","16","5",188
"rest of yorkshire and humberside","16","5",109
"scotland","16","5",15
"south west","16","5",290
"south yorkshire","16","5",128
"tyne and wear","16","5",101
"wales","16","5",913
"west midlands conurb","16","5",161
"west yorkshire","16","5",142
"east anglia","17","5",128
"east midlands","17","5",258
"greater manchester","17","5",177
"inner london","17","5",121
"merseyside","17","5",107
"outer london","17","5",255
"rest of north","17","5",118
"rest of north west","17","5",165
"rest of south east","17","5",623
"rest of west midlands","17","5",178
"rest of yorkshire and humberside","17","5",108
"scotland","17","5",13
"south west","17","5",285
"south yorkshire","17","5",125
"tyne and wear","17","5",95
"wales","17","5",872
"west midlands conurb","17","5",151
"west yorkshire","17","5",135
"east anglia","18","5",125
"east midlands","18","5",254
"greater manchester","18","5",171
"inner london","18","5",116
"merseyside","18","5",118
"outer london","18","5",239
"rest of north","18","5",109
"rest of north west","18","5",174
"rest of south east","18","5",619
"rest of west midlands","18","5",174
"rest of yorkshire and humberside","18","5",104
"scotland","18","5",13
"south west","18","5",284
"south yorkshire","18","5",136
"tyne and wear","18","5",96
"wales","18","5",849
"west midlands conurb","18","5",143
"west yorkshire","18","5",135
"east anglia","1","6",8
"east midlands","1","6",87
"greater manchester","1","6",0
"inner london","1","6",0
"merseyside","1","6",7
"outer london","1","6",0
"rest of north","1","6",68
"rest of north west","1","6",22
"rest of south east","1","6",113
"rest of west midlands","1","6",48
"rest of yorkshire and humberside","1","6",26
"scotland","1","6",53
"south west","1","6",53
"south yorkshire","1","6",0
"tyne and wear","1","6",0
"wales","1","6",12
"west midlands conurb","1","6",0
"west yorkshire","1","6",18
"east anglia","2","6",11
"east midlands","2","6",82
"greater manchester","2","6",0
"inner london","2","6",0
"merseyside","2","6",5
"outer london","2","6",0
"rest of north","2","6",59
"rest of north west","2","6",19
"rest of south east","2","6",103
"rest of west midlands","2","6",43
"rest of yorkshire and humberside","2","6",25
"scotland","2","6",56
"south west","2","6",52
"south yorkshire","2","6",1
"tyne and wear","2","6",0
"wales","2","6",13
"west midlands conurb","2","6",0
"west yorkshire","2","6",17
"east anglia","3","6",14
"east midlands","3","6",82
"greater manchester","3","6",1
"inner london","3","6",0
"merseyside","3","6",5
"outer london","3","6",0
"rest of north","3","6",56
"rest of north west","3","6",18
"rest of south east","3","6",108
"rest of west midlands","3","6",37
"rest of yorkshire and humberside","3","6",32
"scotland","3","6",49
"south west","3","6",57
"south yorkshire","3","6",1
"tyne and wear","3","6",1
"wales","3","6",15
"west midlands conurb","3","6",0
"west yorkshire","3","6",21
"east anglia","4","6",13
"east midlands","4","6",82
"greater manchester","4","6",1
"inner london","4","6",0
"merseyside","4","6",5
"outer london","4","6",0
"rest of north","4","6",51
"rest of north west","4","6",17
"rest of south east","4","6",110
"rest of west midlands","4","6",35
"rest of yorkshire and humberside","4","6",29
"scotland","4","6",46
"south west","4","6",50
"south yorkshire","4","6",2
"tyne and wear","4","6",1
"wales","4","6",16
"west midlands conurb","4","6",1
"west yorkshire","4","6",19
"east anglia","5","6",13
"east midlands","5","6",79
"greater manchester","5","6",1
"inner london","5","6",0
"merseyside","5","6",5
"outer london","5","6",0
"rest of north","5","6",44
"rest of north west","5","6",17
"rest of south east","5","6",115
"rest of west midlands","5","6",36
"rest of yorkshire and humberside","5","6",30
"scotland","5","6",46
"south west","5","6",49
"south yorkshire","5","6",2
"tyne and wear","5","6",1
"wales","5","6",16
"west midlands conurb","5","6",1
"west yorkshire","5","6",19
"east anglia","6","6",12
"east midlands","6","6",74
"greater manchester","6","6",1
"inner london","6","6",0
"merseyside","6","6",4
"outer london","6","6",0
"rest of north","6","6",43
"rest of north west","6","6",21
"rest of south east","6","6",113
"rest of west midlands","6","6",36
"rest of yorkshire and humberside","6","6",32
"scotland","6","6",47
"south west","6","6",58
"south yorkshire","6","6",2
"tyne and wear","6","6",1
"wales","6","6",16
"west midlands conurb","6","6",1
"west yorkshire","6","6",17
"east anglia","7","6",25
"east midlands","7","6",92
"greater manchester","7","6",2
"inner london","7","6",0
"merseyside","7","6",4
"outer london","7","6",0
"rest of north","7","6",51
"rest of north west","7","6",20
"rest of south east","7","6",132
"rest of west midlands","7","6",41
"rest of yorkshire and humberside","7","6",32
"scotland","7","6",60
"south west","7","6",73
"south yorkshire","7","6",3
"tyne and wear","7","6",1
"wales","7","6",21
"west midlands conurb","7","6",4
"west yorkshire","7","6",19
"east anglia","8","6",26
"east midlands","8","6",94
"greater manchester","8","6",1
"inner london","8","6",0
"merseyside","8","6",4
"outer london","8","6",0
"rest of north","8","6",49
"rest of north west","8","6",21
"rest of south east","8","6",129
"rest of west midlands","8","6",40
"rest of yorkshire and humberside","8","6",30
"scotland","8","6",60
"south west","8","6",74
"south yorkshire","8","6",4
"tyne and wear","8","6",2
"wales","8","6",22
"west midlands conurb","8","6",3
"west yorkshire","8","6",19
"east anglia","9","6",28
"east midlands","9","6",84
"greater manchester","9","6",1
"inner london","9","6",0
"merseyside","9","6",4
"outer london","9","6",0
"rest of north","9","6",50
"rest of north west","9","6",20
"rest of south east","9","6",129
"rest of west midlands","9","6",42
"rest of yorkshire and humberside","9","6",34
"scotland","9","6",281
"south west","9","6",74
"south yorkshire","9","6",5
"tyne and wear","9","6",2
"wales","9","6",250
"west midlands conurb","9","6",3
"west yorkshire","9","6",18
"east anglia","10","6",31
"east midlands","10","6",74
"greater manchester","10","6",1
"inner london","10","6",0
"merseyside","10","6",4
"outer london","10","6",0
"rest of north","10","6",52
"rest of north west","10","6",17
"rest of south east","10","6",128
"rest of west midlands","10","6",40
"rest of yorkshire and humberside","10","6",33
"scotland","10","6",286
"south west","10","6",74
"south yorkshire","10","6",4
"tyne and wear","10","6",3
"wales","10","6",253
"west midlands conurb","10","6",2
"west yorkshire","10","6",18
"east anglia","11","6",35
"east midlands","11","6",75
"greater manchester","11","6",1
"inner london","11","6",0
"merseyside","11","6",3
"outer london","11","6",1
"rest of north","11","6",53
"rest of north west","11","6",19
"rest of south east","11","6",121
"rest of west midlands","11","6",40
"rest of yorkshire and humberside","11","6",26
"scotland","11","6",273
"south west","11","6",67
"south yorkshire","11","6",4
"tyne and wear","11","6",3
"wales","11","6",246
"west midlands conurb","11","6",2
"west yorkshire","11","6",16
"east anglia","12","6",25
"east midlands","12","6",61
"greater manchester","12","6",1
"inner london","12","6",0
"merseyside","12","6",3
"outer london","12","6",0
"rest of north","12","6",41
"rest of north west","12","6",22
"rest of south east","12","6",109
"rest of west midlands","12","6",32
"rest of yorkshire and humberside","12","6",24
"scotland","12","6",252
"south west","12","6",55
"south yorkshire","12","6",3
"tyne and wear","12","6",3
"wales","12","6",231
"west midlands conurb","12","6",0
"west yorkshire","12","6",13
"east anglia","13","6",27
"east midlands","13","6",65
"greater manchester","13","6",1
"inner london","13","6",0
"merseyside","13","6",3
"outer london","13","6",0
"rest of north","13","6",43
"rest of north west","13","6",19
"rest of south east","13","6",113
"rest of west midlands","13","6",31
"rest of yorkshire and humberside","13","6",22
"scotland","13","6",232
"south west","13","6",56
"south yorkshire","13","6",3
"tyne and wear","13","6",3
"wales","13","6",232
"west midlands conurb","13","6",0
"west yorkshire","13","6",12
"east anglia","14","6",24
"east midlands","14","6",65
"greater manchester","14","6",1
"inner london","14","6",0
"merseyside","14","6",2
"outer london","14","6",0
"rest of north","14","6",46
"rest of north west","14","6",20
"rest of south east","14","6",119
"rest of west midlands","14","6",35
"rest of yorkshire and humberside","14","6",22
"scotland","14","6",235
"south west","14","6",58
"south yorkshire","14","6",3
"tyne and wear","14","6",3
"wales","14","6",230
"west midlands conurb","14","6",0
"west yorkshire","14","6",12
"east anglia","15","6",27
"east midlands","15","6",63
"greater manchester","15","6",1
"inner london","15","6",0
"merseyside","15","6",2
"outer london","15","6",0
"rest of north","15","6",43
"rest of north west","15","6",21
"rest of south east","15","6",124
"rest of west midlands","15","6",40
"rest of yorkshire and humberside","15","6",19
"scotland","15","6",242
"south west","15","6",66
"south yorkshire","15","6",2
"tyne and wear","15","6",3
"wales","15","6",227
"west midlands conurb","15","6",2
"west yorkshire","15","6",15
"east anglia","16","6",33
"east midlands","16","6",68
"greater manchester","16","6",1
"inner london","16","6",0
"merseyside","16","6",0
"outer london","16","6",0
"rest of north","16","6",42
"rest of north west","16","6",25
"rest of south east","16","6",125
"rest of west midlands","16","6",43
"rest of yorkshire and humberside","16","6",22
"scotland","16","6",233
"south west","16","6",70
"south yorkshire","16","6",2
"tyne and wear","16","6",4
"wales","16","6",221
"west midlands conurb","16","6",2
"west yorkshire","16","6",14
"east anglia","17","6",39
"east midlands","17","6",73
"greater manchester","17","6",1
"inner london","17","6",0
"merseyside","17","6",0
"outer london","17","6",0
"rest of north","17","6",39
"rest of north west","17","6",27
"rest of south east","17","6",123
"rest of west midlands","17","6",41
"rest of yorkshire and humberside","17","6",20
"scotland","17","6",219
"south west","17","6",68
"south yorkshire","17","6",2
"tyne and wear","17","6",5
"wales","17","6",218
"west midlands conurb","17","6",1
"west yorkshire","17","6",14
"east anglia","18","6",36
"east midlands","18","6",72
"greater manchester","18","6",0
"inner london","18","6",0
"merseyside","18","6",0
"outer london","18","6",0
"rest of north","18","6",39
"rest of north west","18","6",30
"rest of south east","18","6",118
"rest of west midlands","18","6",41
"rest of yorkshire and humberside","18","6",18
"scotland","18","6",220
"south west","18","6",63
"south yorkshire","18","6",1
"tyne and wear","18","6",5
"wales","18","6",207
"west midlands conurb","18","6",1
"west yorkshire","18","6",15
"east anglia","1","7",56
"east midlands","1","7",57
"greater manchester","1","7",0
"inner london","1","7",0
"merseyside","1","7",1
"outer london","1","7",0
"rest of north","1","7",29
"rest of north west","1","7",15
"rest of south east","1","7",91
"rest of west midlands","1","7",3
"rest of yorkshire and humberside","1","7",14
"scotland","1","7",33
"south west","1","7",63
"south yorkshire","1","7",3
"tyne and wear","1","7",0
"wales","1","7",15
"west midlands conurb","1","7",1
"west yorkshire","1","7",1
"east anglia","2","7",54
"east midlands","2","7",52
"greater manchester","2","7",0
"inner london","2","7",0
"merseyside","2","7",0
"outer london","2","7",1
"rest of north","2","7",27
"rest of north west","2","7",13
"rest of south east","2","7",85
"rest of west midlands","2","7",4
"rest of yorkshire and humberside","2","7",15
"scotland","2","7",33
"south west","2","7",60
"south yorkshire","2","7",2
"tyne and wear","2","7",0
"wales","2","7",14
"west midlands conurb","2","7",1
"west yorkshire","2","7",4
"east anglia","3","7",51
"east midlands","3","7",48
"greater manchester","3","7",0
"inner london","3","7",0
"merseyside","3","7",0
"outer london","3","7",1
"rest of north","3","7",24
"rest of north west","3","7",17
"rest of south east","3","7",90
"rest of west midlands","3","7",7
"rest of yorkshire and humberside","3","7",17
"scotland","3","7",31
"south west","3","7",59
"south yorkshire","3","7",3
"tyne and wear","3","7",0
"wales","3","7",12
"west midlands conurb","3","7",1
"west yorkshire","3","7",3
"east anglia","4","7",50
"east midlands","4","7",47
"greater manchester","4","7",1
"inner london","4","7",0
"merseyside","4","7",0
"outer london","4","7",1
"rest of north","4","7",22
"rest of north west","4","7",16
"rest of south east","4","7",84
"rest of west midlands","4","7",6
"rest of yorkshire and humberside","4","7",17
"scotland","4","7",29
"south west","4","7",59
"south yorkshire","4","7",3
"tyne and wear","4","7",0
"wales","4","7",11
"west midlands conurb","4","7",1
"west yorkshire","4","7",2
"east anglia","5","7",54
"east midlands","5","7",49
"greater manchester","5","7",1
"inner london","5","7",0
"merseyside","5","7",0
"outer london","5","7",1
"rest of north","5","7",19
"rest of north west","5","7",15
"rest of south east","5","7",95
"rest of west midlands","5","7",6
"rest of yorkshire and humberside","5","7",18
"scotland","5","7",29
"south west","5","7",60
"south yorkshire","5","7",3
"tyne and wear","5","7",1
"wales","5","7",13
"west midlands conurb","5","7",1
"west yorkshire","5","7",1
"east anglia","6","7",55
"east midlands","6","7",51
"greater manchester","6","7",1
"inner london","6","7",0
"merseyside","6","7",0
"outer london","6","7",1
"rest of north","6","7",20
"rest of north west","6","7",17
"rest of south east","6","7",90
"rest of west midlands","6","7",8
"rest of yorkshire and humberside","6","7",17
"scotland","6","7",26
"south west","6","7",60
"south yorkshire","6","7",2
"tyne and wear","6","7",0
"wales","6","7",13
"west midlands conurb","6","7",1
"west yorkshire","6","7",2
"east anglia","7","7",53
"east midlands","7","7",67
"greater manchester","7","7",0
"inner london","7","7",0
"merseyside","7","7",0
"outer london","7","7",1
"rest of north","7","7",26
"rest of north west","7","7",17
"rest of south east","7","7",91
"rest of west midlands","7","7",13
"rest of yorkshire and humberside","7","7",20
"scotland","7","7",28
"south west","7","7",66
"south yorkshire","7","7",2
"tyne and wear","7","7",0
"wales","7","7",14
"west midlands conurb","7","7",1
"west yorkshire","7","7",3
"east anglia","8","7",54
"east midlands","8","7",66
"greater manchester","8","7",0
"inner london","8","7",0
"merseyside","8","7",0
"outer london","8","7",1
"rest of north","8","7",24
"rest of north west","8","7",16
"rest of south east","8","7",95
"rest of west midlands","8","7",14
"rest of yorkshire and humberside","8","7",18
"scotland","8","7",28
"south west","8","7",68
"south yorkshire","8","7",2
"tyne and wear","8","7",1
"wales","8","7",15
"west midlands conurb","8","7",1
"west yorkshire","8","7",2
"east anglia","9","7",51
"east midlands","9","7",65
"greater manchester","9","7",0
"inner london","9","7",0
"merseyside","9","7",0
"outer london","9","7",1
"rest of north","9","7",26
"rest of north west","9","7",14
"rest of south east","9","7",100
"rest of west midlands","9","7",15
"rest of yorkshire and humberside","9","7",20
"scotland","9","7",52
"south west","9","7",57
"south yorkshire","9","7",2
"tyne and wear","9","7",1
"wales","9","7",80
"west midlands conurb","9","7",1
"west yorkshire","9","7",3
"east anglia","10","7",48
"east midlands","10","7",63
"greater manchester","10","7",0
"inner london","10","7",0
"merseyside","10","7",0
"outer london","10","7",1
"rest of north","10","7",23
"rest of north west","10","7",16
"rest of south east","10","7",98
"rest of west midlands","10","7",18
"rest of yorkshire and humberside","10","7",21
"scotland","10","7",54
"south west","10","7",60
"south yorkshire","10","7",3
"tyne and wear","10","7",1
"wales","10","7",78
"west midlands conurb","10","7",1
"west yorkshire","10","7",1
"east anglia","11","7",44
"east midlands","11","7",59
"greater manchester","11","7",0
"inner london","11","7",0
"merseyside","11","7",0
"outer london","11","7",1
"rest of north","11","7",25
"rest of north west","11","7",15
"rest of south east","11","7",97
"rest of west midlands","11","7",18
"rest of yorkshire and humberside","11","7",21
"scotland","11","7",50
"south west","11","7",59
"south yorkshire","11","7",3
"tyne and wear","11","7",1
"wales","11","7",74
"west midlands conurb","11","7",0
"west yorkshire","11","7",3
"east anglia","12","7",41
"east midlands","12","7",55
"greater manchester","12","7",0
"inner london","12","7",0
"merseyside","12","7",0
"outer london","12","7",1
"rest of north","12","7",19
"rest of north west","12","7",16
"rest of south east","12","7",101
"rest of west midlands","12","7",9
"rest of yorkshire and humberside","12","7",20
"scotland","12","7",51
"south west","12","7",51
"south yorkshire","12","7",3
"tyne and wear","12","7",1
"wales","12","7",65
"west midlands conurb","12","7",0
"west yorkshire","12","7",2
"east anglia","13","7",39
"east midlands","13","7",55
"greater manchester","13","7",0
"inner london","13","7",0
"merseyside","13","7",0
"outer london","13","7",0
"rest of north","13","7",19
"rest of north west","13","7",16
"rest of south east","13","7",92
"rest of west midlands","13","7",9
"rest of yorkshire and humberside","13","7",14
"scotland","13","7",49
"south west","13","7",50
"south yorkshire","13","7",3
"tyne and wear","13","7",1
"wales","13","7",64
"west midlands conurb","13","7",0
"west yorkshire","13","7",2
"east anglia","14","7",42
"east midlands","14","7",52
"greater manchester","14","7",0
"inner london","14","7",0
"merseyside","14","7",0
"outer london","14","7",1
"rest of north","14","7",20
"rest of north west","14","7",18
"rest of south east","14","7",93
"rest of west midlands","14","7",12
"rest of yorkshire and humberside","14","7",14
"scotland","14","7",49
"south west","14","7",49
"south yorkshire","14","7",3
"tyne and wear","14","7",1
"wales","14","7",62
"west midlands conurb","14","7",0
"west yorkshire","14","7",2
"east anglia","15","7",43
"east midlands","15","7",57
"greater manchester","15","7",0
"inner london","15","7",0
"merseyside","15","7",0
"outer london","15","7",1
"rest of north","15","7",19
"rest of north west","15","7",19
"rest of south east","15","7",94
"rest of west midlands","15","7",15
"rest of yorkshire and humberside","15","7",19
"scotland","15","7",53
"south west","15","7",43
"south yorkshire","15","7",3
"tyne and wear","15","7",1
"wales","15","7",72
"west midlands conurb","15","7",0
"west yorkshire","15","7",3
"east anglia","16","7",43
"east midlands","16","7",56
"greater manchester","16","7",0
"inner london","16","7",0
"merseyside","16","7",0
"outer london","16","7",0
"rest of north","16","7",22
"rest of north west","16","7",16
"rest of south east","16","7",95
"rest of west midlands","16","7",16
"rest of yorkshire and humberside","16","7",17
"scotland","16","7",48
"south west","16","7",44
"south yorkshire","16","7",3
"tyne and wear","16","7",0
"wales","16","7",72
"west midlands conurb","16","7",0
"west yorkshire","16","7",5
"east anglia","17","7",44
"east midlands","17","7",53
"greater manchester","17","7",0
"inner london","17","7",0
"merseyside","17","7",0
"outer london","17","7",0
"rest of north","17","7",21
"rest of north west","17","7",17
"rest of south east","17","7",96
"rest of west midlands","17","7",13
"rest of yorkshire and humberside","17","7",17
"scotland","17","7",49
"south west","17","7",50
"south yorkshire","17","7",3
"tyne and wear","17","7",0
"wales","17","7",73
"west midlands conurb","17","7",1
"west yorkshire","17","7",5
"east anglia","18","7",39
"east midlands","18","7",58
"greater manchester","18","7",0
"inner london","18","7",0
"merseyside","18","7",0
"outer london","18","7",0
"rest of north","18","7",22
"rest of north west","18","7",15
"rest of south east","18","7",96
"rest of west midlands","18","7",13
"rest of yorkshire and humberside","18","7",19
"scotland","18","7",45
"south west","18","7",52
"south yorkshire","18","7",2
"tyne and wear","18","7",0
"wales","18","7",73
"west midlands conurb","18","7",1
"west yorkshire","18","7",4
"east anglia","1","8",17
"east midlands","1","8",9
"greater manchester","1","8",0
"inner london","1","8",0
"merseyside","1","8",1
"outer london","1","8",0
"rest of north","1","8",1
"rest of north west","1","8",14
"rest of south east","1","8",56
"rest of west midlands","1","8",8
"rest of yorkshire and humberside","1","8",9
"scotland","1","8",1
"south west","1","8",38
"south yorkshire","1","8",1
"tyne and wear","1","8",0
"wales","1","8",4
"west midlands conurb","1","8",0
"west yorkshire","1","8",0
"east anglia","2","8",17
"east midlands","2","8",8
"greater manchester","2","8",0
"inner london","2","8",0
"merseyside","2","8",0
"outer london","2","8",0
"rest of north","2","8",1
"rest of north west","2","8",14
"rest of south east","2","8",62
"rest of west midlands","2","8",10
"rest of yorkshire and humberside","2","8",9
"scotland","2","8",1
"south west","2","8",36
"south yorkshire","2","8",2
"tyne and wear","2","8",0
"wales","2","8",5
"west midlands conurb","2","8",0
"west yorkshire","2","8",0
"east anglia","3","8",18
"east midlands","3","8",7
"greater manchester","3","8",0
"inner london","3","8",0
"merseyside","3","8",0
"outer london","3","8",0
"rest of north","3","8",1
"rest of north west","3","8",16
"rest of south east","3","8",60
"rest of west midlands","3","8",11
"rest of yorkshire and humberside","3","8",7
"scotland","3","8",1
"south west","3","8",34
"south yorkshire","3","8",3
"tyne and wear","3","8",0
"wales","3","8",3
"west midlands conurb","3","8",0
"west yorkshire","3","8",0
"east anglia","4","8",18
"east midlands","4","8",8
"greater manchester","4","8",1
"inner london","4","8",0
"merseyside","4","8",0
"outer london","4","8",0
"rest of north","4","8",2
"rest of north west","4","8",14
"rest of south east","4","8",54
"rest of west midlands","4","8",11
"rest of yorkshire and humberside","4","8",7
"scotland","4","8",1
"south west","4","8",34
"south yorkshire","4","8",4
"tyne and wear","4","8",0
"wales","4","8",6
"west midlands conurb","4","8",0
"west yorkshire","4","8",1
"east anglia","5","8",15
"east midlands","5","8",12
"greater manchester","5","8",1
"inner london","5","8",0
"merseyside","5","8",0
"outer london","5","8",0
"rest of north","5","8",3
"rest of north west","5","8",15
"rest of south east","5","8",52
"rest of west midlands","5","8",11
"rest of yorkshire and humberside","5","8",8
"scotland","5","8",2
"south west","5","8",31
"south yorkshire","5","8",3
"tyne and wear","5","8",1
"wales","5","8",4
"west midlands conurb","5","8",0
"west yorkshire","5","8",0
"east anglia","6","8",17
"east midlands","6","8",12
"greater manchester","6","8",1
"inner london","6","8",0
"merseyside","6","8",0
"outer london","6","8",0
"rest of north","6","8",3
"rest of north west","6","8",12
"rest of south east","6","8",53
"rest of west midlands","6","8",11
"rest of yorkshire and humberside","6","8",8
"scotland","6","8",1
"south west","6","8",29
"south yorkshire","6","8",2
"tyne and wear","6","8",1
"wales","6","8",3
"west midlands conurb","6","8",0
"west yorkshire","6","8",1
"east anglia","7","8",16
"east midlands","7","8",16
"greater manchester","7","8",1
"inner london","7","8",0
"merseyside","7","8",0
"outer london","7","8",1
"rest of north","7","8",5
"rest of north west","7","8",17
"rest of south east","7","8",71
"rest of west midlands","7","8",12
"rest of yorkshire and humberside","7","8",10
"scotland","7","8",1
"south west","7","8",28
"south yorkshire","7","8",2
"tyne and wear","7","8",1
"wales","7","8",2
"west midlands conurb","7","8",0
"west yorkshire","7","8",1
"east anglia","8","8",15
"east midlands","8","8",16
"greater manchester","8","8",1
"inner london","8","8",0
"merseyside","8","8",0
"outer london","8","8",1
"rest of north","8","8",6
"rest of north west","8","8",16
"rest of south east","8","8",68
"rest of west midlands","8","8",13
"rest of yorkshire and humberside","8","8",11
"scotland","8","8",1
"south west","8","8",24
"south yorkshire","8","8",2
"tyne and wear","8","8",1
"wales","8","8",4
"west midlands conurb","8","8",0
"west yorkshire","8","8",1
"east anglia","9","8",15
"east midlands","9","8",15
"greater manchester","9","8",1
"inner london","9","8",0
"merseyside","9","8",0
"outer london","9","8",1
"rest of north","9","8",7
"rest of north west","9","8",15
"rest of south east","9","8",70
"rest of west midlands","9","8",15
"rest of yorkshire and humberside","9","8",10
"scotland","9","8",49
"south west","9","8",23
"south yorkshire","9","8",1
"tyne and wear","9","8",1
"wales","9","8",41
"west midlands conurb","9","8",0
"west yorkshire","9","8",3
"east anglia","10","8",15
"east midlands","10","8",14
"greater manchester","10","8",1
"inner london","10","8",0
"merseyside","10","8",0
"outer london","10","8",1
"rest of north","10","8",7
"rest of north west","10","8",17
"rest of south east","10","8",63
"rest of west midlands","10","8",17
"rest of yorkshire and humberside","10","8",7
"scotland","10","8",41
"south west","10","8",23
"south yorkshire","10","8",1
"tyne and wear","10","8",1
"wales","10","8",39
"west midlands conurb","10","8",0
"west yorkshire","10","8",4
"east anglia","11","8",15
"east midlands","11","8",14
"greater manchester","11","8",1
"inner london","11","8",0
"merseyside","11","8",0
"outer london","11","8",0
"rest of north","11","8",7
"rest of north west","11","8",16
"rest of south east","11","8",61
"rest of west midlands","11","8",18
"rest of yorkshire and humberside","11","8",4
"scotland","11","8",40
"south west","11","8",19
"south yorkshire","11","8",1
"tyne and wear","11","8",1
"wales","11","8",36
"west midlands conurb","11","8",0
"west yorkshire","11","8",3
"east anglia","12","8",12
"east midlands","12","8",10
"greater manchester","12","8",1
"inner london","12","8",0
"merseyside","12","8",0
"outer london","12","8",0
"rest of north","12","8",8
"rest of north west","12","8",14
"rest of south east","12","8",53
"rest of west midlands","12","8",18
"rest of yorkshire and humberside","12","8",5
"scotland","12","8",39
"south west","12","8",20
"south yorkshire","12","8",1
"tyne and wear","12","8",2
"wales","12","8",37
"west midlands conurb","12","8",0
"west yorkshire","12","8",1
"east anglia","13","8",11
"east midlands","13","8",11
"greater manchester","13","8",1
"inner london","13","8",0
"merseyside","13","8",0
"outer london","13","8",0
"rest of north","13","8",8
"rest of north west","13","8",15
"rest of south east","13","8",47
"rest of west midlands","13","8",17
"rest of yorkshire and humberside","13","8",4
"scotland","13","8",39
"south west","13","8",22
"south yorkshire","13","8",1
"tyne and wear","13","8",2
"wales","13","8",35
"west midlands conurb","13","8",0
"west yorkshire","13","8",3
"east anglia","14","8",11
"east midlands","14","8",11
"greater manchester","14","8",1
"inner london","14","8",0
"merseyside","14","8",0
"outer london","14","8",0
"rest of north","14","8",8
"rest of north west","14","8",12
"rest of south east","14","8",47
"rest of west midlands","14","8",14
"rest of yorkshire and humberside","14","8",5
"scotland","14","8",37
"south west","14","8",21
"south yorkshire","14","8",1
"tyne and wear","14","8",2
"wales","14","8",42
"west midlands conurb","14","8",0
"west yorkshire","14","8",2
"east anglia","15","8",13
"east midlands","15","8",11
"greater manchester","15","8",1
"inner london","15","8",0
"merseyside","15","8",0
"outer london","15","8",0
"rest of north","15","8",6
"rest of north west","15","8",12
"rest of south east","15","8",44
"rest of west midlands","15","8",13
"rest of yorkshire and humberside","15","8",6
"scotland","15","8",39
"south west","15","8",22
"south yorkshire","15","8",0
"tyne and wear","15","8",2
"wales","15","8",38
"west midlands conurb","15","8",0
"west yorkshire","15","8",2
"east anglia","16","8",13
"east midlands","16","8",11
"greater manchester","16","8",1
"inner london","16","8",0
"merseyside","16","8",0
"outer london","16","8",2
"rest of north","16","8",6
"rest of north west","16","8",15
"rest of south east","16","8",39
"rest of west midlands","16","8",14
"rest of yorkshire and humberside","16","8",5
"scotland","16","8",40
"south west","16","8",18
"south yorkshire","16","8",0
"tyne and wear","16","8",2
"wales","16","8",40
"west midlands conurb","16","8",0
"west yorkshire","16","8",2
"east anglia","17","8",12
"east midlands","17","8",12
"greater manchester","17","8",1
"inner london","17","8",0
"merseyside","17","8",0
"outer london","17","8",2
"rest of north","17","8",6
"rest of north west","17","8",18
"rest of south east","17","8",43
"rest of west midlands","17","8",16
"rest of yorkshire and humberside","17","8",4
"scotland","17","8",40
"south west","17","8",22
"south yorkshire","17","8",1
"tyne and wear","17","8",1
"wales","17","8",42
"west midlands conurb","17","8",0
"west yorkshire","17","8",2
"east anglia","18","8",11
"east midlands","18","8",12
"greater manchester","18","8",1
"inner london","18","8",0
"merseyside","18","8",0
"outer london","18","8",3
"rest of north","18","8",7
"rest of north west","18","8",14
"rest of south east","18","8",41
"rest of west midlands","18","8",18
"rest of yorkshire and humberside","18","8",4
"scotland","18","8",37
"south west","18","8",19
"south yorkshire","18","8",1
"tyne and wear","18","8",1
"wales","18","8",41
"west midlands conurb","18","8",0
"west yorkshire","18","8",2
